dataset,method,mmd_mean,mmd_std,diversity_mean,diversity_std,indistinguishability_mean,indistinguishability_std,successful_runs
cancer,CTGAN,0.03049797395588344,0.0018772194261573172,0.13857184407391446,0.014316210475600055,0.42976190476190473,0.0011904761904761862,2
cancer,TVAE,0.053568888531310456,0.013697727681131752,0.3163336736992585,0.05297949527871942,0.43047619047619046,0.02508036968050224,5
